{"cameraMode":{"drawMode":0,"name":"Shaded","section":"Shading Mode"},"sceneLighting":true,"audioPlay":false,"sceneViewState":{"showFog":true,"showMaterialUpdate":false,"showSkybox":true,"showFlares":true,"showImageEffects":true,"showParticleSystems":true},"in2DMode":false,"pivot":{"x":-7.857037544250488,"y":4.0786871910095219,"z":-15.441205978393555},"rotation":{"x":-0.1595790833234787,"y":-0.3244174122810364,"z":0.055623751133680347,"w":-0.9307008385658264},"size":11.925186157226563,"orthographic":false}