{"cameraMode":{"drawMode":0,"name":"Shaded","section":"Shading Mode"},"sceneLighting":true,"audioPlay":false,"sceneViewState":{"showFog":true,"showMaterialUpdate":false,"showSkybox":true,"showFlares":true,"showImageEffects":true,"showParticleSystems":true},"in2DMode":false,"pivot":{"x":-22.154556274414064,"y":-5.112264633178711,"z":-16.47064971923828},"rotation":{"x":-0.3901478350162506,"y":0.00883607380092144,"z":-0.0037445693742483856,"w":-0.9207075238227844},"size":11.925186157226563,"orthographic":false}