{"cameraMode":{"drawMode":0,"name":"Shaded","section":"Shading Mode"},"sceneLighting":true,"audioPlay":false,"sceneViewState":{"showFog":true,"showMaterialUpdate":false,"showSkybox":true,"showFlares":true,"showImageEffects":true,"showParticleSystems":true},"in2DMode":false,"pivot":{"x":0.9395427703857422,"y":-1.4725990295410157,"z":0.21344947814941407},"rotation":{"x":0.16857755184173585,"y":-0.5588066577911377,"z":0.11724213510751724,"w":0.8034765124320984},"size":10.0,"orthographic":false}